2025-12-29 14:04:16,0.00,Combined Pairs
2025-12-29 14:04:28,12.41,Rotated view XY
2025-12-29 14:04:28,12.83,Rotated view XZ
2025-12-29 14:04:42,26.06,Rotated view XY
2025-12-29 14:04:46,30.44,Rotated view XY
2025-12-29 14:04:58,42.11,Reset all placed points
2025-12-29 14:04:58,42.26,Reset all placed points
2025-12-29 14:04:58,42.75,Reset all placed points
2025-12-29 14:04:59,42.92,Reset all placed points
2025-12-29 14:04:59,43.08,Reset all placed points
2025-12-29 14:04:59,43.28,Reset all placed points
2025-12-29 14:05:00,44.52,Combined Pairs
